{
  "total_households": 6108,
  "total_barangays": 5,
  "final_overall_compliance": 0.6208251473477406,
  "simulation_steps": 100,
  "final_policy": {
    "incentive": 0,
    "fine": 0
  },
  "barangay_summary": {
    "Poblacion Bacolod": {
      "avg_income": 0.7993216466224721,
      "avg_education": 0.7512833419275633,
      "compliance_rate": 0.6242551699964949,
      "population": 2853,
      "income_std": 0.10676895920746024,
      "education_std": 0.1182647156656181
    },
    "Liangan East": {
      "avg_income": 0.6486744078860119,
      "avg_education": 0.5687732425978059,
      "compliance_rate": 0.6436170212765957,
      "population": 940,
      "income_std": 0.11011586153439458,
      "education_std": 0.10367924117210617
    },
    "Esperanza": {
      "avg_income": 0.5497574618355747,
      "avg_education": 0.528198943804259,
      "compliance_rate": 0.619409282700422,
      "population": 1185,
      "income_std": 0.1070531322403467,
      "education_std": 0.10270793027000834
    },
    "Binuni": {
      "avg_income": 0.47232025932835964,
      "avg_education": 0.42204866904917915,
      "compliance_rate": 0.5925925925925926,
      "population": 837,
      "income_std": 0.09618398607530108,
      "education_std": 0.10125937282560095
    },
    "Demologan": {
      "avg_income": 0.4048624418010935,
      "avg_education": 0.3495456576001292,
      "compliance_rate": 0.6006825938566553,
      "population": 293,
      "income_std": 0.08053386540342591,
      "education_std": 0.08568252729496943
    }
  }
}