{
  "total_households": 1000,
  "total_barangays": 7,
  "final_overall_compliance": 0.154,
  "simulation_steps": 365,
  "final_policy_budgets": {
    "budget_for_incentives": 0.0,
    "budget_for_enforcement": 0,
    "budget_for_education": 0
  },
  "final_policy_effects_per_step": {
    "p_catch": 0.0,
    "education_attitude_boost": 0.0,
    "education_pbc_boost": 0.0,
    "base_fine_value": 500,
    "base_incentive_value": 20
  },
  "barangay_summary": {
    "Poblacion Bacolod": {
      "population": 434,
      "compliance_rate": 0.1382488479262673,
      "avg_income": 0.8099812397653848,
      "avg_education": 0.7504619415003375,
      "income_std": 0.08486400088586778,
      "education_std": 0.08466081769630096,
      "total_incentive_payout_current_step": 0.0
    },
    "Liangan East": {
      "population": 143,
      "compliance_rate": 0.16083916083916083,
      "avg_income": 0.6511159401745612,
      "avg_education": 0.5766820977043194,
      "income_std": 0.0907913324059769,
      "education_std": 0.07454709955219341,
      "total_incentive_payout_current_step": 0.0
    },
    "Esperanza": {
      "population": 180,
      "compliance_rate": 0.25555555555555554,
      "avg_income": 0.5391021317218766,
      "avg_education": 0.5270164513628034,
      "income_std": 0.08224109555775838,
      "education_std": 0.06841850464662873,
      "total_incentive_payout_current_step": 20.0
    },
    "Binuni": {
      "population": 127,
      "compliance_rate": 0.1889763779527559,
      "avg_income": 0.4700528701265861,
      "avg_education": 0.42797557187500734,
      "income_std": 0.0707780600675665,
      "education_std": 0.06899529271151356,
      "total_incentive_payout_current_step": 0.0
    },
    "Demologan": {
      "population": 41,
      "compliance_rate": 0.024390243902439025,
      "avg_income": 0.3801870298353854,
      "avg_education": 0.343552766319698,
      "income_std": 0.05843942716429686,
      "education_std": 0.06412894442540629,
      "total_incentive_payout_current_step": 0.0
    },
    "Mati": {
      "population": 38,
      "compliance_rate": 0.0,
      "avg_income": 0.3880033629412523,
      "avg_education": 0.3446316557787559,
      "income_std": 0.05126636910260457,
      "education_std": 0.05507284094793694,
      "total_incentive_payout_current_step": 0.0
    },
    "Babalaya": {
      "population": 37,
      "compliance_rate": 0.0,
      "avg_income": 0.39651468991887256,
      "avg_education": 0.3447366026522959,
      "income_std": 0.053399699287677536,
      "education_std": 0.05621886050973817,
      "total_incentive_payout_current_step": 0.0
    }
  }
}